best_epoch,best_train_box_loss,best_train_cls_loss,best_train_dfl_loss,best_val_box_loss,best_val_cls_loss,best_val_dfl_loss,best_val_map50,best_val_map50_95,best_val_precision,best_val_recall,erasing,final_epoch,final_val_map50_95,fliplr,hsv_s,hsv_v,imgsz,model,mosaic,run,sahi_fn_at_visual_conf,sahi_fp_at_visual_conf,sahi_precision_at_visual_conf,sahi_recall_at_visual_conf,sahi_tp_at_visual_conf,scale,status,translate,visual_conf,yolo_fn_at_visual_conf,yolo_fp_at_visual_conf,yolo_precision_at_visual_conf,yolo_recall_at_visual_conf,yolo_tp_at_visual_conf
7,0.23794,15.0801,0.00064,0.61881,19.8898,0.00168,0.665,0.39891,0.61315,0.66667,0.0,10,0.39072,0.0,0.3,0.4,1024,yolo26n.pt,0.0,yolo26n_i1024_m0p0_s0p0_t0p0_e0p0_hs0p3_hv0p4_f0p0,4,1,0.5,0.2,1,0.0,completed,0.0,0.02,4,1,0.5,0.2,1
10,0.28828,14.7264,0.00073,0.69322,19.2668,0.00185,0.0003,6e-05,0.0002,0.16667,0.0,10,6e-05,0.5,0.3,0.4,1024,yolo26n.pt,0.0,yolo26n_i1024_m0p0_s0p0_t0p0_e0p0_hs0p3_hv0p4_f0p5,5,0,0.0,0.0,0,0.0,completed,0.0,0.02,5,0,0.0,0.0,0
10,0.29985,14.4204,0.00075,0.68104,18.6657,0.00183,0.32053,0.22815,0.18832,0.50288,0.0,10,0.22815,0.0,0.3,0.4,1024,yolo26n.pt,0.0,yolo26n_i1024_m0p0_s0p0_t0p02_e0p0_hs0p3_hv0p4_f0p0,1,31,0.11428571428571428,0.8,4,0.0,completed,0.02,0.02,2,31,0.08823529411764706,0.6,3
8,0.34667,15.2652,0.00094,0.64477,19.8744,0.00165,0.57056,0.32683,0.42667,0.62402,0.0,10,0.31015,0.5,0.3,0.4,1024,yolo26n.pt,0.0,yolo26n_i1024_m0p0_s0p0_t0p02_e0p0_hs0p3_hv0p4_f0p5,4,5,0.16666666666666666,0.2,1,0.0,completed,0.02,0.02,4,2,0.3333333333333333,0.2,1
10,0.27489,14.7259,0.00068,0.72214,19.8472,0.00176,0.0128,0.00825,0.00039,0.33333,0.0,10,0.00825,0.0,0.3,0.4,1024,yolo26n.pt,0.0,yolo26n_i1024_m0p0_s0p05_t0p0_e0p0_hs0p3_hv0p4_f0p0,5,0,0.0,0.0,0,0.05,completed,0.0,0.02,5,0,0.0,0.0,0
9,0.30104,14.941,0.00078,0.6871,19.7668,0.00163,0.27833,0.12784,0.00039,0.33333,0.0,10,0.1194,0.5,0.3,0.4,1024,yolo26n.pt,0.0,yolo26n_i1024_m0p0_s0p05_t0p0_e0p0_hs0p3_hv0p4_f0p5,5,0,0.0,0.0,0,0.05,completed,0.0,0.02,5,0,0.0,0.0,0
10,0.31802,14.4639,0.00082,0.70603,19.3046,0.00191,0.3978,0.29484,0.36549,0.5,0.0,10,0.29484,0.0,0.3,0.4,1024,yolo26n.pt,0.0,yolo26n_i1024_m0p0_s0p05_t0p02_e0p0_hs0p3_hv0p4_f0p0,2,15,0.16666666666666666,0.6,3,0.05,completed,0.02,0.02,2,25,0.10714285714285714,0.6,3
9,0.3485,14.6947,0.00089,0.61247,19.1019,0.00154,0.37975,0.23703,0.24661,0.5,0.0,10,0.23685,0.5,0.3,0.4,1024,yolo26n.pt,0.0,yolo26n_i1024_m0p0_s0p05_t0p02_e0p0_hs0p3_hv0p4_f0p5,1,27,0.12903225806451613,0.8,4,0.05,completed,0.02,0.02,3,40,0.047619047619047616,0.4,2
8,0.29027,15.0469,0.00071,0.5823,19.6694,0.00148,0.335,0.23383,0.00039,0.33333,0.0,10,0.23292,0.0,0.3,0.4,1024,yolo26n.pt,0.0,yolo26n_i1024_m0p0_s0p1_t0p0_e0p0_hs0p3_hv0p4_f0p0,3,2,0.5,0.4,2,0.1,completed,0.0,0.02,3,2,0.5,0.4,2
10,0.34525,14.9312,0.00093,0.62367,19.5932,0.00155,0.431,0.30199,0.00059,0.5,0.0,10,0.30199,0.5,0.3,0.4,1024,yolo26n.pt,0.0,yolo26n_i1024_m0p0_s0p1_t0p0_e0p0_hs0p3_hv0p4_f0p5,5,0,0.0,0.0,0,0.1,completed,0.0,0.02,5,0,0.0,0.0,0
9,0.31607,15.0358,0.00084,0.73463,20.0605,0.00197,0.00117,0.00047,0.0002,0.16667,0.0,10,0.00037,0.0,0.3,0.4,1024,yolo26n.pt,0.0,yolo26n_i1024_m0p0_s0p1_t0p02_e0p0_hs0p3_hv0p4_f0p0,5,1,0.0,0.0,0,0.1,completed,0.02,0.02,5,0,0.0,0.0,0
10,0.37606,14.6839,0.001,0.69156,19.2938,0.00181,0.00705,0.00334,0.00039,0.33333,0.0,10,0.00334,0.5,0.3,0.4,1024,yolo26n.pt,0.0,yolo26n_i1024_m0p0_s0p1_t0p02_e0p0_hs0p3_hv0p4_f0p5,5,0,0.0,0.0,0,0.1,completed,0.02,0.02,5,0,0.0,0.0,0
6,0.35761,15.7471,0.00089,0.77714,20.5011,0.00212,0.55731,0.25342,0.7079,0.4158,0.0,10,0.22242,0.0,0.3,0.4,1024,yolo26n.pt,0.25,yolo26n_i1024_m0p25_s0p0_t0p0_e0p0_hs0p3_hv0p4_f0p0,3,4,0.3333333333333333,0.4,2,0.0,completed,0.0,0.02,3,8,0.2,0.4,2
10,0.33335,14.8307,0.00084,0.6678,19.5704,0.00174,0.16639,0.07771,0.00059,0.5,0.0,10,0.07771,0.5,0.3,0.4,1024,yolo26n.pt,0.25,yolo26n_i1024_m0p25_s0p0_t0p0_e0p0_hs0p3_hv0p4_f0p5,4,0,1.0,0.2,1,0.0,completed,0.0,0.02,4,2,0.3333333333333333,0.2,1
10,0.30116,14.5933,0.00072,0.53901,18.9917,0.00129,0.36,0.22048,0.00078,0.66667,0.0,10,0.22048,0.0,0.3,0.4,1024,yolo26n.pt,0.25,yolo26n_i1024_m0p25_s0p0_t0p02_e0p0_hs0p3_hv0p4_f0p0,4,1,0.5,0.2,1,0.0,completed,0.02,0.02,4,2,0.3333333333333333,0.2,1
6,0.3981,15.9112,0.00102,0.60872,20.068,0.00144,0.47157,0.34452,0.00078,0.66667,0.0,10,0.24135,0.5,0.3,0.4,1024,yolo26n.pt,0.25,yolo26n_i1024_m0p25_s0p0_t0p02_e0p0_hs0p3_hv0p4_f0p5,3,9,0.18181818181818182,0.4,2,0.0,completed,0.02,0.02,4,3,0.25,0.2,1
8,0.36439,15.6934,0.00099,0.77321,20.4096,0.00203,0.56833,0.16422,0.00078,0.66667,0.0,10,0.13975,0.0,0.3,0.4,1024,yolo26n.pt,0.25,yolo26n_i1024_m0p25_s0p05_t0p0_e0p0_hs0p3_hv0p4_f0p0,4,21,0.045454545454545456,0.2,1,0.05,completed,0.0,0.02,4,1,0.5,0.2,1
10,0.35145,15.0182,0.00083,0.69021,19.6351,0.00167,0.33593,0.18691,0.26741,0.33333,0.0,10,0.18691,0.5,0.3,0.4,1024,yolo26n.pt,0.25,yolo26n_i1024_m0p25_s0p05_t0p0_e0p0_hs0p3_hv0p4_f0p5,3,1,0.6666666666666666,0.4,2,0.05,completed,0.0,0.02,3,3,0.4,0.4,2
7,0.32688,15.7492,0.00088,0.62829,20.4159,0.00147,0.335,0.21748,0.00039,0.33333,0.0,10,0.19987,0.0,0.3,0.4,1024,yolo26n.pt,0.25,yolo26n_i1024_m0p25_s0p05_t0p02_e0p0_hs0p3_hv0p4_f0p0,3,3,0.4,0.4,2,0.05,completed,0.02,0.02,4,4,0.2,0.2,1
7,0.36285,15.5392,0.00095,0.54395,19.5923,0.00125,0.32986,0.23494,0.65752,0.32419,0.0,10,0.19249,0.5,0.3,0.4,1024,yolo26n.pt,0.25,yolo26n_i1024_m0p25_s0p05_t0p02_e0p0_hs0p3_hv0p4_f0p5,4,8,0.1111111111111111,0.2,1,0.05,completed,0.02,0.02,4,9,0.1,0.2,1
10,0.33724,15.4348,0.00086,0.52793,20.5015,0.00118,0.00402,0.00282,0.0002,0.16667,0.0,10,0.00282,0.0,0.3,0.4,1024,yolo26n.pt,0.25,yolo26n_i1024_m0p25_s0p1_t0p0_e0p0_hs0p3_hv0p4_f0p0,4,0,1.0,0.2,1,0.1,completed,0.0,0.02,4,0,1.0,0.2,1
10,0.38018,15.0742,0.00098,0.77428,19.9457,0.0019,0.37241,0.18095,0.53656,0.33333,0.0,10,0.18095,0.5,0.3,0.4,1024,yolo26n.pt,0.25,yolo26n_i1024_m0p25_s0p1_t0p0_e0p0_hs0p3_hv0p4_f0p5,3,10,0.16666666666666666,0.4,2,0.1,completed,0.0,0.02,3,12,0.14285714285714285,0.4,2
10,0.33862,14.9827,0.00084,0.58238,19.4976,0.00134,0.0001,5e-05,0.0002,0.16667,0.0,10,5e-05,0.0,0.3,0.4,1024,yolo26n.pt,0.25,yolo26n_i1024_m0p25_s0p1_t0p02_e0p0_hs0p3_hv0p4_f0p0,5,0,0.0,0.0,0,0.1,completed,0.02,0.02,5,0,0.0,0.0,0
10,0.34881,15.3989,0.00087,0.62462,20.2194,0.00159,0.00177,0.00053,0.0002,0.16667,0.0,10,0.00053,0.5,0.3,0.4,1024,yolo26n.pt,0.25,yolo26n_i1024_m0p25_s0p1_t0p02_e0p0_hs0p3_hv0p4_f0p5,5,1,0.0,0.0,0,0.1,completed,0.02,0.02,5,0,0.0,0.0,0
10,0.362,15.6679,0.00086,0.6777,19.8911,0.0017,0.28317,0.1503,0.00078,0.66667,0.0,10,0.1503,0.0,0.3,0.4,1024,yolo26n.pt,0.5,yolo26n_i1024_m0p5_s0p0_t0p0_e0p0_hs0p3_hv0p4_f0p0,3,4,0.3333333333333333,0.4,2,0.0,completed,0.0,0.02,4,6,0.14285714285714285,0.2,1
10,0.3569,15.3447,0.00089,0.4618,19.6464,0.0011,0.335,0.15318,0.00039,0.33333,0.0,10,0.15318,0.5,0.3,0.4,1024,yolo26n.pt,0.5,yolo26n_i1024_m0p5_s0p0_t0p0_e0p0_hs0p3_hv0p4_f0p5,4,0,1.0,0.2,1,0.0,completed,0.0,0.02,4,3,0.25,0.2,1
7,0.31295,15.4294,0.00087,0.66905,19.4369,0.0017,0.29,0.18003,0.19507,0.33333,0.0,10,0.17897,0.0,0.3,0.4,1024,yolo26n.pt,0.5,yolo26n_i1024_m0p5_s0p0_t0p02_e0p0_hs0p3_hv0p4_f0p0,4,27,0.03571428571428571,0.2,1,0.0,completed,0.02,0.02,3,16,0.1111111111111111,0.4,2
8,0.41651,15.1958,0.00107,0.56456,19.3673,0.00138,0.35828,0.18326,0.93514,0.33333,0.0,10,0.17587,0.5,0.3,0.4,1024,yolo26n.pt,0.5,yolo26n_i1024_m0p5_s0p0_t0p02_e0p0_hs0p3_hv0p4_f0p5,2,6,0.3333333333333333,0.6,3,0.0,completed,0.02,0.02,3,4,0.3333333333333333,0.4,2
10,0.37443,15.3153,0.00094,0.67261,19.6539,0.00168,0.3469,0.23783,0.34226,0.33333,0.0,10,0.23783,0.0,0.3,0.4,1024,yolo26n.pt,0.5,yolo26n_i1024_m0p5_s0p05_t0p0_e0p0_hs0p3_hv0p4_f0p0,3,9,0.18181818181818182,0.4,2,0.05,completed,0.0,0.02,3,14,0.125,0.4,2
8,0.53775,15.3484,0.00142,0.67997,19.782,0.00168,0.34867,0.1894,0.47793,0.31127,0.0,10,0.18703,0.5,0.3,0.4,1024,yolo26n.pt,0.5,yolo26n_i1024_m0p5_s0p05_t0p0_e0p0_hs0p3_hv0p4_f0p5,2,18,0.14285714285714285,0.6,3,0.05,completed,0.0,0.02,4,11,0.08333333333333333,0.2,1
9,0.45727,15.3899,0.00121,0.57832,19.7303,0.00141,0.27855,0.204,0.60296,0.26963,0.0,10,0.20183,0.0,0.3,0.4,1024,yolo26n.pt,0.5,yolo26n_i1024_m0p5_s0p05_t0p02_e0p0_hs0p3_hv0p4_f0p0,4,5,0.16666666666666666,0.2,1,0.05,completed,0.02,0.02,4,5,0.16666666666666666,0.2,1
5,0.38093,16.7853,0.00095,0.60354,20.6496,0.00145,0.28921,0.20693,0.55378,0.16667,0.0,10,0.12968,0.5,0.3,0.4,1024,yolo26n.pt,0.5,yolo26n_i1024_m0p5_s0p05_t0p02_e0p0_hs0p3_hv0p4_f0p5,3,23,0.08,0.4,2,0.05,completed,0.02,0.02,3,8,0.2,0.4,2
7,0.32513,15.9863,0.00087,0.68226,20.5058,0.00182,0.495,0.32686,0.00059,0.5,0.0,10,0.28685,0.0,0.3,0.4,1024,yolo26n.pt,0.5,yolo26n_i1024_m0p5_s0p1_t0p0_e0p0_hs0p3_hv0p4_f0p0,4,10,0.09090909090909091,0.2,1,0.1,completed,0.0,0.02,4,3,0.25,0.2,1
8,0.49347,15.6504,0.00135,0.77985,20.3446,0.00212,0.37433,0.17303,0.00059,0.5,0.0,10,0.15326,0.5,0.3,0.4,1024,yolo26n.pt,0.5,yolo26n_i1024_m0p5_s0p1_t0p0_e0p0_hs0p3_hv0p4_f0p5,4,8,0.1111111111111111,0.2,1,0.1,completed,0.0,0.02,4,4,0.2,0.2,1
5,0.4013,16.6922,0.00105,0.6338,21.0441,0.00156,0.335,0.24558,0.00039,0.33333,0.0,10,0.18089,0.0,0.3,0.4,1024,yolo26n.pt,0.5,yolo26n_i1024_m0p5_s0p1_t0p02_e0p0_hs0p3_hv0p4_f0p0,4,5,0.16666666666666666,0.2,1,0.1,completed,0.02,0.02,4,2,0.3333333333333333,0.2,1
4,0.35687,16.9959,0.00104,0.72608,21.3267,0.00202,0.165,0.11555,0.0002,0.16667,0.0,10,0.05026,0.5,0.3,0.4,1024,yolo26n.pt,0.5,yolo26n_i1024_m0p5_s0p1_t0p02_e0p0_hs0p3_hv0p4_f0p5,5,9,0.0,0.0,0,0.1,completed,0.02,0.02,5,3,0.0,0.0,0
7,0.32296,1.30395,0.00092,0.68219,1.88637,0.00174,0.665,0.47483,0.98988,0.66667,0.0,10,0.39636,0.0,0.3,0.4,1024,yolo26s.pt,0.0,yolo26s_i1024_m0p0_s0p0_t0p0_e0p0_hs0p3_hv0p4_f0p0,3,5,0.2857142857142857,0.4,2,0.0,completed,0.0,0.02,4,0,1.0,0.2,1
4,0.42216,3.14708,0.00115,0.62,3.23977,0.00147,0.835,0.48693,1,0.80538,0.0,10,0.4294,0.5,0.3,0.4,1024,yolo26s.pt,0.0,yolo26s_i1024_m0p0_s0p0_t0p0_e0p0_hs0p3_hv0p4_f0p5,2,16,0.15789473684210525,0.6,3,0.0,completed,0.0,0.02,3,4,0.3333333333333333,0.4,2
9,0.36666,1.16237,0.00098,0.80004,1.67365,0.00217,0.70278,0.34406,0.97227,0.5,0.0,10,0.31213,0.0,0.3,0.4,1024,yolo26s.pt,0.0,yolo26s_i1024_m0p0_s0p0_t0p02_e0p0_hs0p3_hv0p4_f0p0,1,19,0.17391304347826086,0.8,4,0.0,completed,0.02,0.02,2,3,0.5,0.6,3
5,0.42522,2.69845,0.00117,0.64173,2.87839,0.00154,0.66831,0.35643,0.97249,0.66667,0.0,10,0.34951,0.5,0.3,0.4,1024,yolo26s.pt,0.0,yolo26s_i1024_m0p0_s0p0_t0p02_e0p0_hs0p3_hv0p4_f0p5,2,6,0.3333333333333333,0.6,3,0.0,completed,0.02,0.02,3,10,0.16666666666666666,0.4,2
9,0.37532,1.08726,0.00101,0.65675,1.86916,0.00163,0.665,0.39133,0.92712,0.66667,0.0,10,0.26454,0.0,0.3,0.4,1024,yolo26s.pt,0.0,yolo26s_i1024_m0p0_s0p05_t0p0_e0p0_hs0p3_hv0p4_f0p0,2,7,0.3,0.6,3,0.05,completed,0.0,0.02,2,5,0.375,0.6,3
4,0.45462,3.13661,0.00126,0.8039,3.08511,0.00212,0.69151,0.3885,0.98302,0.66667,0.0,10,0.22727,0.5,0.3,0.4,1024,yolo26s.pt,0.0,yolo26s_i1024_m0p0_s0p05_t0p0_e0p0_hs0p3_hv0p4_f0p5,2,33,0.08333333333333333,0.6,3,0.05,completed,0.0,0.02,2,3,0.5,0.6,3
5,0.40849,2.44315,0.00118,0.69819,2.87987,0.00178,0.49278,0.33349,0.70381,0.5,0.0,10,0.26151,0.0,0.3,0.4,1024,yolo26s.pt,0.0,yolo26s_i1024_m0p0_s0p05_t0p02_e0p0_hs0p3_hv0p4_f0p0,3,1,0.6666666666666666,0.4,2,0.05,completed,0.02,0.02,4,0,1.0,0.2,1
8,0.3912,1.62231,0.00108,0.86983,2.10911,0.00235,0.67017,0.33962,1,0.31657,0.0,10,0.25482,0.5,0.3,0.4,1024,yolo26s.pt,0.0,yolo26s_i1024_m0p0_s0p05_t0p02_e0p0_hs0p3_hv0p4_f0p5,3,34,0.05555555555555555,0.4,2,0.05,completed,0.02,0.02,2,13,0.1875,0.6,3
4,0.45365,3.34656,0.00123,0.70696,2.59537,0.002,0.73725,0.46883,0.79641,0.6547,0.0,10,0.3655,0.0,0.3,0.4,1024,yolo26s.pt,0.0,yolo26s_i1024_m0p0_s0p1_t0p0_e0p0_hs0p3_hv0p4_f0p0,1,54,0.06896551724137931,0.8,4,0.1,completed,0.0,0.02,2,13,0.1875,0.6,3
9,0.41696,1.23851,0.00119,0.7175,1.75027,0.00192,0.64428,0.41873,0.6658,0.66667,0.0,10,0.41572,0.5,0.3,0.4,1024,yolo26s.pt,0.0,yolo26s_i1024_m0p0_s0p1_t0p0_e0p0_hs0p3_hv0p4_f0p5,3,3,0.4,0.4,2,0.1,completed,0.0,0.02,3,1,0.6666666666666666,0.4,2
8,0.3869,1.66668,0.00107,0.80609,2.00262,0.00218,0.7412,0.41453,0.98864,0.66667,0.0,10,0.40345,0.0,0.3,0.4,1024,yolo26s.pt,0.0,yolo26s_i1024_m0p0_s0p1_t0p02_e0p0_hs0p3_hv0p4_f0p0,1,50,0.07407407407407407,0.8,4,0.1,completed,0.02,0.02,2,23,0.11538461538461539,0.6,3
4,0.42193,3.08002,0.00122,0.81707,2.71382,0.00225,0.835,0.35257,1,0.82231,0.0,10,0.28083,0.5,0.3,0.4,1024,yolo26s.pt,0.0,yolo26s_i1024_m0p0_s0p1_t0p02_e0p0_hs0p3_hv0p4_f0p5,2,46,0.061224489795918366,0.6,3,0.1,completed,0.02,0.02,3,11,0.15384615384615385,0.4,2
10,0.39204,1.11238,0.00104,0.68532,1.86656,0.00172,0.631,0.36713,0.7814,0.66667,0.0,10,0.36713,0.0,0.3,0.4,1024,yolo26s.pt,0.25,yolo26s_i1024_m0p25_s0p0_t0p0_e0p0_hs0p3_hv0p4_f0p0,2,9,0.25,0.6,3,0.0,completed,0.0,0.02,3,2,0.5,0.4,2
4,0.45909,3.15762,0.00133,0.75977,3.17447,0.00194,0.75,0.4103,0.93461,0.66667,0.0,10,0.40092,0.5,0.3,0.4,1024,yolo26s.pt,0.25,yolo26s_i1024_m0p25_s0p0_t0p0_e0p0_hs0p3_hv0p4_f0p5,1,19,0.17391304347826086,0.8,4,0.0,completed,0.0,0.02,3,3,0.4,0.4,2
5,0.45265,2.30547,0.00121,0.723,2.48377,0.00185,0.78529,0.34849,0.82126,0.83333,0.0,10,0.3389,0.0,0.3,0.4,1024,yolo26s.pt,0.25,yolo26s_i1024_m0p25_s0p0_t0p02_e0p0_hs0p3_hv0p4_f0p0,1,33,0.10810810810810811,0.8,4,0.0,completed,0.02,0.02,1,26,0.13333333333333333,0.8,4
6,0.49999,1.88035,0.0015,0.78031,2.17051,0.00211,0.67112,0.35822,1,0.62656,0.0,10,0.29804,0.5,0.3,0.4,1024,yolo26s.pt,0.25,yolo26s_i1024_m0p25_s0p0_t0p02_e0p0_hs0p3_hv0p4_f0p5,2,2,0.6,0.6,3,0.0,completed,0.02,0.02,3,0,1.0,0.4,2
5,0.53499,2.49998,0.00146,0.67919,2.47657,0.00175,0.665,0.469,1,0.61352,0.0,10,0.22595,0.0,0.3,0.4,1024,yolo26s.pt,0.25,yolo26s_i1024_m0p25_s0p05_t0p0_e0p0_hs0p3_hv0p4_f0p0,2,6,0.3333333333333333,0.6,3,0.05,completed,0.0,0.02,2,2,0.6,0.6,3
10,0.49464,1.15491,0.00137,0.76266,1.26052,0.00211,0.97214,0.45788,0.97956,0.83333,0.0,10,0.45788,0.5,0.3,0.4,1024,yolo26s.pt,0.25,yolo26s_i1024_m0p25_s0p05_t0p0_e0p0_hs0p3_hv0p4_f0p5,4,15,0.0625,0.2,1,0.05,completed,0.0,0.02,4,6,0.14285714285714285,0.2,1
9,0.43255,1.14655,0.00113,0.80311,1.72141,0.00209,0.77125,0.3945,1,0.66273,0.0,10,0.3576,0.0,0.3,0.4,1024,yolo26s.pt,0.25,yolo26s_i1024_m0p25_s0p05_t0p02_e0p0_hs0p3_hv0p4_f0p0,2,3,0.5,0.6,3,0.05,completed,0.02,0.02,3,0,1.0,0.4,2
7,0.42974,1.56016,0.00118,0.73056,1.84752,0.0019,0.835,0.437,1,0.802,0.0,10,0.28972,0.5,0.3,0.4,1024,yolo26s.pt,0.25,yolo26s_i1024_m0p25_s0p05_t0p02_e0p0_hs0p3_hv0p4_f0p5,2,4,0.42857142857142855,0.6,3,0.05,completed,0.02,0.02,2,1,0.75,0.6,3
9,0.48278,1.03524,0.00143,0.78424,1.89278,0.00198,0.78643,0.39431,0.99713,0.66667,0.0,10,0.37636,0.0,0.3,0.4,1024,yolo26s.pt,0.25,yolo26s_i1024_m0p25_s0p1_t0p0_e0p0_hs0p3_hv0p4_f0p0,3,12,0.14285714285714285,0.4,2,0.1,completed,0.0,0.02,2,8,0.2727272727272727,0.6,3
7,0.43691,1.53321,0.00122,0.84536,1.96183,0.00236,0.631,0.3543,0.76602,0.66667,0.0,10,0.34013,0.5,0.3,0.4,1024,yolo26s.pt,0.25,yolo26s_i1024_m0p25_s0p1_t0p0_e0p0_hs0p3_hv0p4_f0p5,2,5,0.375,0.6,3,0.1,completed,0.0,0.02,2,1,0.75,0.6,3
7,0.39903,1.39088,0.0012,0.81615,1.96482,0.00221,0.78643,0.35227,1,0.47979,0.0,10,0.30519,0.0,0.3,0.4,1024,yolo26s.pt,0.25,yolo26s_i1024_m0p25_s0p1_t0p02_e0p0_hs0p3_hv0p4_f0p0,2,1,0.75,0.6,3,0.1,completed,0.02,0.02,2,0,1.0,0.6,3
5,0.47962,2.62161,0.00125,0.73943,2.73734,0.00208,0.57056,0.38944,1,0.49963,0.0,10,0.20584,0.5,0.3,0.4,1024,yolo26s.pt,0.25,yolo26s_i1024_m0p25_s0p1_t0p02_e0p0_hs0p3_hv0p4_f0p5,3,5,0.2857142857142857,0.4,2,0.1,completed,0.02,0.02,4,1,0.5,0.2,1
9,0.59303,1.29724,0.00159,0.76998,1.53732,0.00218,0.60527,0.34137,0.64502,0.5,0.0,10,0.22747,0.0,0.3,0.4,1024,yolo26s.pt,0.5,yolo26s_i1024_m0p5_s0p0_t0p0_e0p0_hs0p3_hv0p4_f0p0,2,9,0.25,0.6,3,0.0,completed,0.0,0.02,3,0,1.0,0.4,2
8,0.56623,1.32234,0.00162,0.6272,1.52853,0.0017,0.68643,0.47235,0.79919,0.66396,0.0,10,0.41961,0.5,0.3,0.4,1024,yolo26s.pt,0.5,yolo26s_i1024_m0p5_s0p0_t0p0_e0p0_hs0p3_hv0p4_f0p5,2,4,0.42857142857142855,0.6,3,0.0,completed,0.0,0.02,2,0,1.0,0.6,3
9,0.62496,1.54445,0.00173,0.79571,1.44501,0.00218,0.835,0.34431,1,0.80154,0.0,10,0.30124,0.0,0.3,0.4,1024,yolo26s.pt,0.5,yolo26s_i1024_m0p5_s0p0_t0p02_e0p0_hs0p3_hv0p4_f0p0,1,12,0.25,0.8,4,0.0,completed,0.02,0.02,2,6,0.3333333333333333,0.6,3
10,0.4547,1.19268,0.00112,0.75564,1.52933,0.00203,0.532,0.30793,0.79769,0.65895,0.0,10,0.30793,0.5,0.3,0.4,1024,yolo26s.pt,0.5,yolo26s_i1024_m0p5_s0p0_t0p02_e0p0_hs0p3_hv0p4_f0p5,2,5,0.375,0.6,3,0.0,completed,0.02,0.02,2,0,1.0,0.6,3
4,0.4832,3.15536,0.00137,0.7004,3.43888,0.00193,0.75243,0.37428,0.70643,0.83333,0.0,10,0.35186,0.0,0.3,0.4,1024,yolo26s.pt,0.5,yolo26s_i1024_m0p5_s0p05_t0p0_e0p0_hs0p3_hv0p4_f0p0,1,104,0.037037037037037035,0.8,4,0.05,completed,0.0,0.02,1,561,0.007079646017699115,0.8,4
10,0.4745,1.13531,0.00128,0.82269,1.51164,0.00246,0.46808,0.25362,0.7453,0.4906,0.0,10,0.25362,0.5,0.3,0.4,1024,yolo26s.pt,0.5,yolo26s_i1024_m0p5_s0p05_t0p0_e0p0_hs0p3_hv0p4_f0p5,2,11,0.21428571428571427,0.6,3,0.05,completed,0.0,0.02,3,5,0.2857142857142857,0.4,2
10,0.44112,0.91353,0.00116,0.83548,1.53288,0.00226,0.59214,0.32743,0.7451,0.5,0.0,10,0.32743,0.0,0.3,0.4,1024,yolo26s.pt,0.5,yolo26s_i1024_m0p5_s0p05_t0p02_e0p0_hs0p3_hv0p4_f0p0,0,10,0.3333333333333333,1.0,5,0.05,completed,0.02,0.02,1,3,0.5714285714285714,0.8,4
7,0.40689,1.51575,0.00112,0.78049,1.92511,0.0022,0.70974,0.33575,0.88239,0.66667,0.0,10,0.29,0.5,0.3,0.4,1024,yolo26s.pt,0.5,yolo26s_i1024_m0p5_s0p05_t0p02_e0p0_hs0p3_hv0p4_f0p5,1,26,0.13333333333333333,0.8,4,0.05,completed,0.02,0.02,2,9,0.25,0.6,3
10,0.41109,0.97876,0.00107,0.62936,1.68249,0.0016,0.59929,0.38919,0.78817,0.62725,0.0,10,0.38919,0.0,0.3,0.4,1024,yolo26s.pt,0.5,yolo26s_i1024_m0p5_s0p1_t0p0_e0p0_hs0p3_hv0p4_f0p0,2,11,0.21428571428571427,0.6,3,0.1,completed,0.0,0.02,2,2,0.6,0.6,3
10,0.44082,1.05698,0.00113,0.83365,1.415,0.00231,0.84933,0.3866,0.93282,0.83333,0.0,10,0.3866,0.5,0.3,0.4,1024,yolo26s.pt,0.5,yolo26s_i1024_m0p5_s0p1_t0p0_e0p0_hs0p3_hv0p4_f0p5,2,10,0.23076923076923078,0.6,3,0.1,completed,0.0,0.02,3,2,0.5,0.4,2
5,0.44433,2.51544,0.00119,0.68303,2.47853,0.00174,0.66543,0.36293,1,0.65829,0.0,10,0.28326,0.0,0.3,0.4,1024,yolo26s.pt,0.5,yolo26s_i1024_m0p5_s0p1_t0p02_e0p0_hs0p3_hv0p4_f0p0,3,129,0.015267175572519083,0.4,2,0.1,completed,0.02,0.02,3,55,0.03508771929824561,0.4,2
4,0.47294,3.16806,0.00134,0.67557,2.95978,0.00195,0.61149,0.38818,0.79923,0.6641,0.0,10,0.31979,0.5,0.3,0.4,1024,yolo26s.pt,0.5,yolo26s_i1024_m0p5_s0p1_t0p02_e0p0_hs0p3_hv0p4_f0p5,2,108,0.02702702702702703,0.6,3,0.1,completed,0.02,0.02,2,51,0.05555555555555555,0.6,3
